rec1_US,1,2007-02-02,"{""id"":1, ""name"":""John Mad"", ""age"":29, ""hobby"":""reading""}"
rec2_US,1,2008-02-04,"{""id"":2, ""name"":""Scott Scott"", ""age"":30, ""hobby"":""hiking""}"
rec3_UK,2,2018-02-02,"{""id"":3, ""name"":""Dan David"", ""age"":40, ""hobby"":""bowling""}"
rec4_US,1,2006-01-04,"{""id"":4, ""name"":""Robert Moore"", ""age"":32, ""hobby"":""reading""}"
rec5_UK,2,2018-01-04,"{""id"":5, ""name"":""Sandy Donald"", ""age"":35, ""hobby"":""soccer""}"
rec6_US,2,2018-06-05,"{""id"":6, ""name"":""Joe Dana"", ""age"":24, ""hobby"":""tennis""}"
rec7_US,1,2018-06-07,"{""id"":7, ""name"":""Watson Jordon"", ""age"":28, ""hobby"":""basketball""}"
rec8_UK,2,2018-06-05,"{""id"":8, ""name"":""Mat Steve"", ""age"":45, ""hobby"":""tennis""}"
rec9_US,3,2018-06-09,"{""id"":9, ""name"":""Sandra Pec"", ""age"":36, ""hobby"":""hiking""}"
rec10_US,3,2017-06-09,"{""id"":10, ""name"":""Sandra Lan"", ""age"":36, ""hobby"":""football""}"
rec11_UK,3,2018-09-09,"{""id"":11, ""name"":""Trever Jones"", ""age"":36, ""hobby"":""hiking""}"
rec12_UK,3,2016-09-01,"{""id"":12, ""name"":""Ruth Pec"", ""age"":36, ""hobby"":""swimming""}"
rec13_US,2,2014-09-01,"{""id"":13, ""name"":""Sally Bush"", ""age"":29, ""hobby"":""reading""}"
rec14_US,1,2010-09-01,"{""id"":14, ""name"":""Sarah Tran"", ""age"":20, ""hobby"":""reading""}"